,post
0,"the department of labor and employment issued a rule saying no vaccine, no work policy is not allowed.

so our reminder to employers, encourage qc employees to get vaccinated, and go through the proper process by registering with qc vax easy (https://qceservices.quezoncity.gov.ph/qcvaxeasy) and business registration for covid-19 vaccination (https://qcprotektodo.ph/business-registration-form/)

let's not force them to get vaccinated immediately especially since our supply is still limited."
1,"to ensure compliance with the minimum health and safety protocols, please remind quezon city residents or those working in quezon city that walk-in at the vaccination site is prohibited.

if you do not receive a schedule, you will not be vaccinated.

just register with qc vax easy: https://qceservices.quezoncity.gov.ph/qcvaxeasy for your schedule.

thank you for your understanding."
2,"clarification: policy regarding quarantine pass

the local government of quezon city would like to clarify that applicants do not need to be vaccinated to obtain an apor (authorized persons outside residence) barangay quarantine pass.

if possible, it is better if the quarantine pass holder of a home has already been vaccinated, to prevent serious illness. this is only important advice, and not a requirement.

thank you, and let's continue to be careful."
3,"important announcement

we continue our #qcprotektodo vaccination program in the city while implementing general community quarantine (gcq) with heightened restrictions until august 5, and enhanced community quarantine (ecq) in the coming august 6 to august 20, 2021.

Reminders to be vaccinated to arrive on the due date of your schedule according to the text from QC VAX Easy for the first dose, and on the written back of your QCProtektodo vaccination card for the second dose.

bring the necessary documents and own ballpen. adhere to minimum health and safety protocols.

walk-in is not allowed in qc.
we still do not allow walk-ins because our supply of vaccine is limited and it is already reserved for those who have been given a schedule.

thank you very much."
4,"to sustain their livelihood once the ncr has been subjected to enhanced community quarantine (ecq), the city government distributed bikes and helmets to 420 city residents yesterday.

mayor joy belmonte and barangay officials spearheaded the provision of bikes and helmets to paid day workers and those most in need of alternative transportation.

while ncr is under community quarantine, quezon city has been made more bike-friendly. up to 161-kilometer bike lane network is already traversed by cyclists. there are also assigned bike patrollers here who will make sure no motorists pass through the bike lanes."
5,"important announcement

we warn the public that it is strictly prohibited by our law, even by city ordinance no. 3032 the sale of the vaccine, the forgery of the vaccination card and the forgery of the vaccination slot.

we have received a report of people going to the vaccination center and presenting a fake text message or e-mail about their vaccination schedule.

under the ordinance, such illegal activity is punishable by a fine of P5,000 and/or imprisonment not exceeding six months.

the detainee may also face other administrative, civil or criminal charges."
6,"meralco has already provided p 13.5 million cash refund to the quezon city government.

the cash refund is from 35 projects applied for and paid for by the city in advance for greater electric service from meralco. when the projects have revenue, meralco reimburses the initial cost of lgu.

according to mayor joy belmonte, the cash refund can be used by the city government in addition to the assistance to be distributed to residents affected by enhanced community quarantine."
7,"the local government led by the qc business permits and licensing department closed the lbc express hub in barangay tandang sora today after 27 of its employees tested positive for covid-19.

the lbc express hub can only return to operation if they pass the evaluation within 3 days after disinfecting and undergoing swab or rapid testing and contact tracing the employees.

the bpld and city epidemiology and surveillance unit call on other establishments to contact the city government if there are reported cases of covid-19 to prevent further outbreaks at work."
8,"[dswd sap advisory]

the department of social welfare and development (dswd) will redistribute aid from the social amelioration program (sap) for the first batch waitlisted unclaimed beneficiaries tomorrow (july 29), second tranche on friday (july 30) and second batch unclaimed waitlisted on saturday (July 31) in collaboration with our qc social services development department.

the manual payout tomorrow of p8,000 each will take place at the quezon memorial circle-basketball court from 9:00 p.m. keep an eye on the schedule and venue for friday and saturday here on our facebook page.

contact your barangay for the schedule and list of eligible beneficiaries. You can also view the list here: https://quezoncity.gov.ph/dswd-sap-waitlisted-unclaimed-from-1st-batch-for-manual-payout/

don't forget to bring the requirements when you get your help, you can find the complete list of requirements from the dswd facebook page here: https://www.facebook.com/dswdfoncr/photos/a.824276570949744/4331425843568115/?type=3

there is a designated helpdesk at the payout site if you have a complaint or appeal related to unclaimed and waitlisted beneficiaries.

this is the last time the sap will be distributed, and the uncollected aid will be returned to the national treasury according to dswd."
9,"statement of mayor joy belmonte

while it is true that i join the rest of the country in celebrating the historic olympic gold medal win of hidilyn diaz, it is absolutely untrue that the fake ""congratulatory message"" using my picture (and now circulating online) came from me, or anyone from the quezon city government.

in a way, it is somewhat understandable that as the elections draw nearer, malicious individuals will sadly engage in more black propaganda and smear campaigns. but hopefully, you don't have hidilyn diaz to make a lie and slander me. the whole country united because of the honor he gave to every Filipino, but you used it for bad politics. It's called 'foul'.

in the meantime, let us all continue to unite behind the spirit and ideals that hidilyn exemplified, as she symbolically lifted an entire country last july 26: diligence, determination, patriotism, and the will and passion to achieve her dreams.

long live you hidilyn! long live the philippines, and long live us all."
10,"#qcprotektodo our partner malls like sm city north edsa!

their frontliners and service providers belonging to the a4 category (essential workers) are 100% vaccinated. here, we can better continue to provide proper and safe service to our qcitizens and to those who visit the mall.

we are still continuously vaccinating the city to reach population protection. to register with qc vax easy for your vaccine, just visit: https://qceservices.quezoncity.gov.ph/qcvaxeasy

sm city north edsa
July 6 at 6:09 pm ¬∑

110% ready to serve
100% vaccinated

our passion to serve you is immeasurable. that's why in partnership with the quezon city local government, we have vaccinated all of our sm city north edsa frontliners and service providers under the a4 category. and our partner tenants are close to reaching 100% on the way to becoming vaccinated. all for your #safemallingatsm

#togetheratsm, we can overcome as we are now a step closer to a safer place. #qcprotektodo #ingatangatbakunalahat #everythingshereatsm"
11,"mayor joy belmonte, philhealth chief insurance officer jose sidfry panganiban, councilor pm vargas, and social services development department (ssdd) head fe macale led the distribution of philhealth cards to beneficiaries from barangay bagbag.

the philhealth contribution of the beneficiaries who are part of the city's indigent sector is free and responsive to the city government.

according to mayor joy, the target is to provide philhealth to more than 50,000 indigent families in the city so that they do not have to worry about expenses in case anyone in their family is hospitalized.

in addition to philhealth, ssdd also has medical assistance for residents in need of financial assistance to purchase medicine."
12,"ed rempillo and fredd quezada, reporters of philippine star-pilipino star today, donated 500 grocery bags for the quezon city government.

Thank you very much for your support of the local government."
13,"here are the enhanced community quarantine (ecq) guidelines to be implemented in our city from august 6 to august 20, 2021.

the use of kyusipass will also be strictly enforced in establishments for contact tracing of the city.

view and download the full guidelines here: https://quezoncity.gov.ph/enhanced-community-quarantine-ecq-effective-august-06-2021/"
14,"in accordance with the inter-agency task force for the management of emerging infectious diseases (iatf) resolution no. 130-a, general community quarantine (gcq) will be enforced in the national capital region (ncr) with heightened restrictions from july 30 to august 5, 2021."
15,"gusto mo bang maging scholar?

magregister na sa qc e-services at mag-apply ng iyong sariling qcitizen id! parte ito ng requirement sa pag-a-apply sa scholarship program ng lungsod.

para sa iba pang detalye, bisitahin ang qc youth development office facebook page.

qc youth development office
july 30 at 4:17 pm ¬∑

advisory 35-2021

to all interested applicants of quezon city scholarship program for ay 2021-2022

academic year 2021-2022 is fast approaching. therefore, all interested applicants of quezon city scholarship program are advised to register in the qc e-services and apply for qcitizen identification card (qc id) as part of the set requirements for scholarship application.

scholarship application will start in august. please stay updated to qcydo official facebook page for announcements relative to the schedule of scholarship application.

here‚Äôs the link for qc e-services registration
https://qceservices.quezoncity.gov.ph/

#spreadjoylovepositivityinqc
#kabataangqckasamakasapagunlad"
16,"as part of the digitalization program of the city‚Äôs public services, the quezon city government is set to launch the first online birth registration portal in the country this year.

the project offers a more convenient and efficient birth registration process, where the requirements can be sent thru the website and be verified by the city civil registry department (ccrd).

quezoncity.gov.ph
qc to open first online birth registration portal | quezon city government"
17,"applying for birth registration made easier through the qc e-services!

a first in the country, the quezon city government is set to launch an online birth registration portal to provide more convenient and efficient streamlined services as part of the digitization program of the city.

through the qc e-services website, requirements sent will be verified by the city civil registry department (ccrd), for a hassle-free and convenient birth registration application.

read more about it here: https://quezoncity.gov.ph/qc-to-open-first-online-birth-registration-portal/"
18,"vax card seal advisory

the placement of security seals on qcprotektodo vaccination cards from your district offices has been temporarily suspended while enhanced community quarantine (ecq) is being implemented in the city.

continue to put the seal for those who are scheduled for their second dose this ecq.

thank you very much for your understanding."
19,"we are calling our qcitizens who have already completed two doses of the vaccine and would like to affix a tamper-proof seal to their vaccination card, to simply go to the district office closest to you starting tomorrow, July 27th.

Please note, your vaccination card even without a seal is valid, and this seal is only an additional means for the authentication of your card while we await the uniform vaccination certificate from the national government.

if your relative or family member is a senior citizen or bedridden, you can take it for them. you only need to bring your valid id, authorization letter and id of the vaccinated senior or bedridden.

thank you."
20,"[dswd sap advisory]

the department of social welfare and development (dswd) social amelioration program (sap) for the second batch unclaimed waitlisted will be distributed tomorrow (july 31) in collaboration with our qc social services development department.

the manual payout tomorrow of p8,000 each will take place at the quezon memorial circle-basketball court from 9:00 p.m.

contact your barangay for the schedule and list of eligible beneficiaries. You can also view the list here: https://quezoncity.gov.ph/2nd-batch-dswd-sap-waitlisted-unclaimed-for-manual-payout/

don't forget to bring the requirements when you get your help, you can find the complete list of requirements from the dswd facebook page here: https://www.facebook.com/dswdfoncr/photos/a.824276570949744/4331425843568115/?type=3

there is a designated helpdesk at the payout site if you have a complaint or appeal related to unclaimed and waitlisted beneficiaries.

this is the last time the sap will be distributed, and the uncollected aid will be returned to the national treasury according to dswd."
21,"[dswd sap advisory]

the department of social welfare and development (dswd) will continue to distribute aid from the social amelioration program (sap) for the second tranche unclaimed tomorrow (july 30), and second batch unclaimed waitlisted on saturday (july 31) in collaboration with our qc social services development department.

P8,000 each will be distributed through manual payout tomorrow (July 30) at the following payout sites:

district 1 - quezon memorial circle basketball court
district 2 - quezon memorial circle basketball court (batasan hills, bagong silangan, holy spirit, payatas)
district 2 - benigno aquino elementary school (commonwealth)
district 3 - quezon memorial circle basketball court
district 4 - quezon city high school
District 5 - Happiness Elementary School
district 6 - ismael mathay sr. high school

watch out for the venue on our facebook page on Saturday (July 31) for the second batch of unclaimed waitlisted beneficiaries.

contact your barangay for the schedule and list of eligible beneficiaries. You can also view the list here: https://quezoncity.gov.ph/dswd-sap1-2nd-tranche-unclaimed-for-manual-payout/

don't forget to bring the requirements when you get your help, you can find the complete list of requirements from the dswd facebook page here: https://www.facebook.com/dswdfoncr/photos/a.824276570949744/4331425843568115/?type=3

there is a designated helpdesk at the payout site if you have a complaint or appeal related to unclaimed and waitlisted beneficiaries.

this is the last time the sap will be distributed, and the uncollected aid will be returned to the national treasury according to dswd."
22,"important announcement

missed second dose

for not going to their second dose of pfizer and moderna only, you can be vaccinated at esteban abada elementary school this week, august 8, 2021.

only go at the following times, based on the district that covers the vaccination site of your first dose:
district 1: 8am - 10am
district 2 & 3: 10am - 12nn
district 4: 12nn - 2pm
district 5 & 6: 2pm - 4pm

for those who did not get their second dose of sinovac and astrazeneca contact the district health office that covers the vaccination site of your first dose.

* district 1: 0961-589-54-49
* district 2: 0968-414-79-79
* district 3: 0968-421-26-77
* district 4: 0961-589-54-48
* district 5: 0961-922-57-65
* district 6: 0961-944-18-33

vaccination also continues for those who are bedridden or unable to go to vaccination sites due to their medical condition. simply contact your district health office for an immunization schedule."
23,"the quezon city government distributed vegetables and rice in collaboration with the social services development department (ssdd) and joy of urban farming for the parents of day care center students in the city. up to 1,000 beneficiaries are expected to receive from the community pantry today.

The program aims to help babies in their first 1,000 days from the mother's pregnancy until they are 2 years old. this is for them to have adequate nutrition by distributing vegetables from our community farms.

Malnutrition continues to fight, first 1,000 days focus!

#laking1000
#2021nutritionmonth"
24,"many thanks to the anti-crime and terrorism-community involvement and support (act-cis) partylist, by mr. egay yap, for providing 1000 sacks of rice and canned goods to the city.

we will repack and distribute it to families whose livelihoods have been severely affected by the pandemic."
25,"‚ùå no to home isolation, ‚úÖ yes to hope facility!

our local government encourages to bring to our isolation facility all patients who test positive for covid-19, with or without symptoms, amid the threat of a more contagious delta variant.

it aims to protect the family of our qcitizens and the entire community and provide appropriate care to covid-19 patients within our hope and village isolation faclities.

you can also message the quezon city epidemiology & disease surveillance facebook page for other questions.

quezon city epidemiology & disease surveillance is sharing a covid-19 update.
July 30 at 1:00 pm ¬∑

home isolation, no longer allowed in qc!

amid the threat of a more contagious delta variant, our city has decided to bring to our isolation facility all patients who test positive for covid-19, with or without symptoms. this also includes those who have come into positive contact (close contact) with covid-19 symptoms.

we aim to protect our family and the entire community. moreover, we want to provide appropriate care to covid-19 patients within our hope and village isolation faclities that they will be temporary homes.

each hope facility has its own clinic, pharmacy and supply room, also has its own vitamins and hygiene kit that will be distributed free to everyone. on-duty doctors and healthcare workers will not lose our facilities to ensure that every patient is well-monitored.

have a question? message on our facebook page!

#qcesuhelps
#hopecaringfacility
#hopefeelslikehome"
26,"here is the general community quarantine (gcq) with heightened restrictions guidelines to be implemented in our city starting july 27, 2021

implement the following:
‚Ä¢ 10: 00 pm- 4:00 am public safety hours
‚Ä¢ sale of alcohol from 4:00 am to 10:00 pm.
‚Ä¢ personal care services such as beauty salons, beauty parlors, barbershops and nail spas may be open from 4:00 am to 10:00 pm
‚Ä¢ dine-in is allowed from 4:00 am to 10:00 pm, in accordance with the safety seal program.

businesses are also encouraged to use kyusipass for proper contact tracing of the city.

view and download the full guidelines here: https://quezoncity.gov.ph/gcq-guidelines-as-of-july-27-2021-with-heightened-restrictions/

quezoncity.gov.ph
gcq guidelines - as of july 27, 2021 (with heightened restrictions) | quezon city government"
27,"eight areas in our city are under special concern lockdown areas due to the increasing number of covid-19 cases.

only specific areas are covered by the scla and not the entire barangay.

the local government will distribute food packs and essential kits for the affected families and they will undergo swab testing and mandatory 14-day quarantine."
28,"our #qcprotektodo vaccination program at quezon city hall for those belonging to the a1-a4 priority groups is still ongoing!

qcitizens are encouraged to register with qc vax easy to receive a vaccination schedule. those given the schedule are in accordance with the first in, first out system, or depending on the vaccine supply in the city. just visit: https://qceservices.quezoncity.gov.ph/qcvaxeasy

for more information, just go to our website: https://qcprotektodo.ph"
29,"the quezon city goverment is very grateful to the pldt-smart foundation for providing more than 57,000 vitamin c tablets.

vitamins will be distributed by the local government for poor families in district 2, as well as those temporarily staying at our hope community caring facilities."
30,"eduk-aksyon: mayor's education summit (day 1: thursday | july 29, 2021 | 2:00pm)"
31,"mayor joy belmonte gave a message on the orientation of the beneficiaries from tupad or employment assistance in our disadvantaged/displaced workers program of the department of labor and employment in collaboration with the office of rep. loren legarda, at qc public employment service office.

according to mayor belmonte, the extra workers in the city are a big help especially during the pandemic. the beneficiaries are from indigent families, they will help with vaccination sites and other activities for the city‚Äôs vaccination program.

the tupad program is government assistance where displaced workers can be given employment for at least 10 days or no more than 30 days."
32,"the number of senior citizens #qcprotektodo in quezon city is increasing after the johnson & johnson janssen vaccine vaccinated more than 19,000 grandparents in district 2 today.

this one-dose vaccine is of great help in providing protection against the threat of covid-19 and delta variants.

please call all senior citizens from quezon city, please register with qc vax easy: https://qceservices.quezoncity.gov.ph/qcvaxeasy

if you have a family member or relative who is a senior citizen who is unable to register, you can help them."
33,"as part of the quezon city government's strict enforcement of minimum health protocols, the department of public order and safety conducted an ""oplan sita"" to ensure that facemasks and faceshields are worn correctly and properly in communities.

dpos, along with task force traffic and transport management, toured residential areas, main streets and markets including barangay pinyahan, east avenue, and nepa q-mart.

those caught without a facemask and faceshield were also stamped with the effect of city ordinance 2965-2020 and 2908-2020 as amended by city ordinance 2957-2020.

under the ordinances, all violators hereby incur corresponding penalties; p300 for first offense; p500 for the second offense; and P1,000 for the third offense.

the city government again reminds qcitizens to wear a facemask and faceshield and adhere to minimum health protocols to prevent further spread of covid-19 especially the more dangerous and more contagious delta variant."
34,"we are glad you won. a proof that the pinay is strong, brave, and resilient. long live the filipina athletes! ‚Åá"
35,"qcitizens! open burning or the burning of garbage, dry leaves, grass branches and any solid waste in public or private areas of the city is strictly prohibited. anyone who violates such qc environmental code will be given appropriate punishment.

together we take care of our environment for clean and safe qc!

qc task force on solid waste management
august 2 at 5:10 pm ¬∑ facebook for android ¬∑

open burning is strictly prohibited in our city and anyone caught violating it is subject to appropriate punishment. ‚Åá

a reminder from the task force on solid waste managementüß°üíô

#kyuserbisyoüß°üíô
#sanitationqc
#roadtosanitationexcellence"
36,"will implement no walk-in transaction for all our qc youth development office scholars and others, in accordance with iatf guidelines gcq with heightened restrictions (july 30- august 5) and ecq (august 6- august 20) that exist in the city . only online transactions will be accepted from august 2 to ensure the safety of our qcitizens and prevent the spread of the covid-19 virus.

thanks for the understanding.

qc youth development office
august 1 at 5:21 pm ¬∑

advisory no. 38-2021
no walk-in transactions

in accordance with the iatf guidelines relative to imposition of general community quarantine (gcq) with heightened restrictions (july 30 to august 5) and enhanced community quarantine (ecq) in national capital region (august 6 to 20), all qcydo scholars and valued clients are highly encourage to do online transactions starting august 2, 2021.

this is to ensure that everyone is safe from contracting the infectious disease. we value your health and safety.

thank you for your cooperation and be safe!"
37,"vaccinations continue in the city today for qcitizens who have registered and been given a schedule from qc vax easy!

walk-ins are still prohibited at all our vaccination sites to ensure order and implementation of minimum health and safety protocols despite the threat of the delta variant.

for those who want to register, just visit qc vax easy: https://qceservices.quezoncity.gov.ph/qcvaxeasy

Thank you so much for understanding and cooperating with our #qcprotektodo vaccination program to reach population protection in the city!"
38,"our local government is doing everything to reach out to our qcitizens in need especially during a pandemic.

personally attended by coun. candy medina the remote areas of barangay commonwealth to deliver grocery bags to residents.

coun brought a delicious breakfast. mikey belmonte and mbm volunteers to the people of brgy. payatas, sagada corazon area a while rice for the residents of sto. child, brgy. holy spirit.

coun has a gift. marra suntay and cong. bong suntay sa mga pwd nating senior citizens na digital bp monitor, grocery packs, backpack, shirts at wall clock."
39,"see: #qcprotektodo are now the essential workers and service providers of robinsons magnolia!

malls in the city have also partnered with the local government for our vaccination program. it adds protection to them and our qcitizens who want to walk around and shop here.

we continue to vaccinate in the city. just register with qc vax easy: https://qceservices.quezoncity.gov.ph/qcvaxeasy"
40,"despite the limited supply of the vaccine, the local government is trying to vaccinate bedridden qcitizens.

although they do not leave the house, they still need to be given virus protection because they are more susceptible to the disease.

to include your relative who is bedridden or unable to go to the vaccination site for home vaccination, just contact your barangay.

because of our city, we all aim to be #qcprotektodo!"
41,"more than one million qcitizens have been vaccinated by the first dose in quezon city!

Many thanks to our doctors, nurses, healthworkers, and volunteers for their time and dedication to help us achieve population protection! Many thanks also to our qcitizens for cooperation and solidarity with our vaccination program!

become #qcprotektodo and register for the vaccine at https://qceservices.quezoncity.gov.ph/qcvaxeasy"
42,"many thanks to mevbuilt company through the federation of filipino-chinese chamber of commerce and industry and taison industrial corporation led by kevin tai and mark kung for the 100 modular tents and foldable beds they donated for our local government.

it is additional assistance and equipment in case it is necessary to set-up evacuation centers and other facilities during a disaster."
43,"Our #qcprotektodo vaccination program has injected up to 1,483,505 doses of the vaccine with the help of our healthcare workers, staff and volunteers!

in total, 909,204 or 53.48% of the 1.7 million target population have been vaccinated with the first dose in our city despite the limited supply of the vaccine. this is a big deal especially now with the delta variant.

up to 574,301 or 34.64% have already received their second dose.

qcitizens are encouraged to register with qc vax easy to receive a vaccination schedule. those given the schedule are in accordance with the first in, first out system or priority to vaccinate those who have previously registered, still depending on the supply of vaccine arriving in the city. just visit: https://qceservices.quezoncity.gov.ph/qcvaxeasy

watch for other announcements here on our facebook page or visit https://qcprotektodo.ph for other details of our vaccination program."
44,"up to 1,527,146 doses of the vaccine have been injected by our #qcprotektodo vaccination program with the help of our healthcare workers, staff and volunteers!

in total, 934,621 or 54.98% of the 1.7 million target population have been vaccinated with the first dose in our city despite the limited supply of the vaccine. this is a big deal especially now with the delta variant.

up to 592,525 or 36.27% have already received their second dose.

qcitizens are encouraged to register with qc vax easy to receive a vaccination schedule. those given the schedule are in accordance with the first in, first out system or priority to vaccinate those who have previously registered, still depending on the supply of vaccine arriving in the city. just visit: https://qceservices.quezoncity.gov.ph/qcvaxeasy

watch for other announcements here on our facebook page or visit https://qcprotektodo.ph for other details of our vaccination program."
45,in
46,"the pwd district action office accepts walk-in applicants of qcitizen id and individual philhealth accreditation for persons with disabilities or pwd.

for those who send a representative to our district center, just bring the pwd id, copy of birth certificate and signature of the id owner on clean paper.

novaliches district center
July 30 at 10:51 am ¬∑ facebook for android ¬∑

the joy of service.
pwd ~ ndc

our pwd district action office accepts walk ~ in applications for qc id of our pwd's at the same time as registering for philhealth accreditation of individuals.

for representatives who are going to bring pwd id, copy of birth certificate and signature of the owner of the id on clean paper (3 specimens)

you are with the development.
ndc action office
ndc pio"
47,"flag raising ceremony led by mayor joy belmonte, vice mayor gian sotto, coun. victor ferrer jr., department of public order and safety head gen. elmo san diego, and select quezon city hall department heads in order to limit the attendance in the ceremony."
48,"our councilors work together to deliver service to our qcitizens in need.

coun went from house to house. lala sotto to personally deliver health kits to residents as well as in special concern areas.

councilors irene belmonte and councilor vincent belmonte quickly helped and provided food packs to the flooded families in waling-waling st., roxas district with the help of barangay roxas officials.

coun have a surprise again. marra suntay and cong. bong suntay na bigas, de lata at macaroni noodles para sa mga pwd ng brgy. new society of crame, independent, old capitol and always friendly."
49,"again conducted vaccination nights last night at quezon city hall for workers who are on duty all day and cannot be absent from work.

the local government will resume vaccination nights when an adequate supply of vaccine arrives in the city from the national government."
50,"the quezon city government has implemented a system to more efficiently inoculate its residents or workers by having them sign up on its quick substitution list (qsl), to replace scheduled beneficiaries who are no shows or did not receive their jabs due to deferment because of medical and other valid reasons.

this system also ensures that all vaccines at a site will be consumed.

quezoncity.gov.ph
qc systematizes qsl in all vax sites to ensure full vaccine utilization | quezon city government"
51,"proteklolo, proteklola sa qcprotektodo!

the quezon city government this week gave priority to vaccination of senior citizens.
yesterday it started in district 2, and from earlier until Saturday it will continue in other districts.

it is important that seniors be vaccinated because they are more at risk of covid-19 especially in the new delta variant.

register now with qc vax easy! just visit: https://qceservices.quezoncity.gov.ph/qcvaxeasy"
52,"councilor mikey belmonte and the team mb and mbm volunteers went to brgy. payatas and brgy. holy spirit to offer rice relief packs and hot soup for our residents.

councilor mayen juico had free breakfast for those affected by the floods in barangay nayong kanluran while hygiene kits, infant diapers, and bread for the evacuated families were in the evacuation area in barangay damayan, masambong, st. peter, sta. cruz.

councilor bernard herrera and deputy speaker congresswoman bernadette herrera had a relief operation for those affected by typhoon fabian in sinagtala, brgy. bahay toro katuwang sina kap. dennis caboboy, kgd. medi tan alcantara, kgd. domeng yang at ate lovella perez at ang konseho, brgy balingasa katuwang sina kap. tess vallester montalbo, kgd. leonardo singque jr., kgd. nanette winner, kgd. tess herrera and the entire council, in brgy. sta. teresita with kap wowen reyes, and aweng Kulayza and kgd. joseph sep cabaluna, kgd. dick castillo and the council and brgy. sta cruz with kap. jomar baetiong, kgd. elizabethgamet soriano, kgd. jonjon alberto and the whole of brgy. council, der muillaht, exo michael john faeldonia and the kbsd1.

thanks for the service of our local government for our qcitizens!"
53,"rain or shine, our local government continues to serve to meet the needs of our qcitizens.

personal greetings from vice mayor gian sotto and coun. candy medina some qcitizens from district dos affected by the recent typhoon to bring grocery packs.

councilor ram medalla toured various evacuation sites to greet and bring food to the districts affected by the floods.

coun returned. marra suntay and cong. bong suntay, in arboterum, brgy. up campus to distribute grocery packs and gallons of purified water for the families whose houses were flooded while they were offering soup in various flooded areas in pechayan, brgy. old capitol site at isla noah, brgy. damayang lagi.

coun shared. eric medina of alcohol dispenser, thermal scanner, and disinfectant rubber mat at apolonio samson elementary school and at barangay hall of brgy. stone balloon."
54,"[public service announcement]

because ecq in ncr (aug 6-20) and mecq in laguna (aug 1-15):

‚Ä¢ no disconnection with ncr and laguna while implementing ecq/mecq.
‚Ä¢ meralco's online channels are open 24/7 for questions and concerns.
‚Ä¢ view updated business center (bc) operating hours.
‚Ä¢ can pay bills online via meralco authorized payment partners found here: http://www.meralco.com.ph/paymentoptions"
55,"part of the duty of our local government to help our qcitizens especially during times of disaster.

together mr. arjo atayde, coun. ollie belmonte, coun. tj calalay, coun. doray delarmente, coun. jun and kgd. charm ferrer, coun. bernard herrera and coun. mayen juico, to conduct a relief operation for the families affected by the recent typhoon in brgy mariblo with the help of kap. aunt valdez and the council.

coun also delivered essential hygiene kits. calalay in the same barangay.

coun went around other barangays. delarmente to deliver relief packs specifically to brgy. sta. teresita, assistant to kgd. sep cabaluna, brgy. masambong, with kap. enyang flores, kgd. remy rm motol, kgd. rocky alpa and the other staff, and in brgy. damayan, katuwang si kap badette balbas, kgd. fluoride casaje, kgd. lala casaje, kgd. chris tizon, kgd. danny sibal and mr. arean almonte.

councilor nikki crisologo delivered food packs to brgy. del monte and the pwds of brgy. nayong kanluran at brgy. balingasa katuwang sina kap. bucsit, chap. montalbo and kap. pabustan."
56,"our local government never stops serving our qcitizens especially the most needy.

coun has a gift. marra suntay and cong. bong suntay prepaid home wi-fi, grocery bags, backpacks, and t-shirts for students with disabilities in solidarity with the persons with disability (pwd) month celebration.

coun delivered food packs. freddy roxas for those affected by the incessant rains in brgy. gulod, brgy. bagbag at brgy. sta. monica."
57,"a returning overseas filipino worker (ofw) from saudi arabia who is also a resident of quezon city had tested positive for the covid-19 delta variant.

the 34-year old male ofw arrived on june 24, and stayed in a hotel in makati for 10 days before transferring to another hotel in manila from july 4 to 11.

quezoncity.gov.ph
recovered ofw delta case returns home to qc | quezon city government"
58,"our councilors are once again circulating to deliver aid to our qcitizens.

shared coun. marra suntay and cong. bong suntay economic package containing single burner with butane, juices dispenser and livelihood umbrella where a solo parent pwd can start a business in their home.

councilors vincent and irene belmonte offered a healthy snack for the re-launch of the nutri-bike in brgy. immaculate concepcion, brgy. damayang lagi and barangay valencia with the help of kap. mon salas, chap. renato famous and kap. julie salmingo, with kgd. kaye ferrer & kgd. eugene gabor, council and bpso.

coun brought something. kate coseteng, partner of the park 7 organization, which provides food packs for 365 families in park 7, brgy loyola heights, quezon city that were affected by the flooding caused by the typhoon."
59,"Our #qcprotektodo vaccination program has injected up to 1,418,345 doses of the vaccine with the help of our healthcare workers, staff and volunteers!

in total, 880,924 or 51.82% of the 1.7 million target population have been vaccinated with the first dose in our city despite the limited supply of the vaccine. this is a big deal especially now with the delta variant.

up to 537,421 or 32.19% have already received their second dose.

qcitizens are encouraged to register with qc vax easy to receive a vaccination schedule. those given the schedule are in accordance with the first in, first out system or priority to vaccinate those who have previously registered, still depending on the supply of vaccine arriving in the city. just visit: https://qceservices.quezoncity.gov.ph/qcvaxeasy

watch for other announcements here on our facebook page or visit https://qcprotektodo.ph for other details of our vaccination program."
60,"to avoid panic buying and hoarding, the quezon city government will limit the number of items or goods a person can purchase during the implementation of the enhanced community quarantine (ecq) from aug. 6 to 20.

in the latest ecq guidelines issued by mayor joy belmonte, the business permits and licensing department (bpld) is mandated to implement ordinance no. sp-2948 s-2020 or ‚Äúregulating the selling of basic necessities during calamities.‚Äù

quezoncity.gov.ph
qc sets limits in purchase of goods, directs barangays to issue pass during ecq | quezon city government"
61,"up to 1,568,405 doses of the vaccine have been injected by our #qcprotektodo vaccination program with the help of our healthcare workers, staff and volunteers!

in total, 975,282 or 57.37% of the 1.7 million target population have been vaccinated with the first dose in our city despite the limited supply of the vaccine. this is a big deal especially now with the delta variant.

up to 593,123 or 36.88% have already received their second dose.

qcitizens are encouraged to register with qc vax easy to receive a vaccination schedule. those given the schedule are in accordance with the first in, first out system or priority to vaccinate those who have previously registered, still depending on the supply of vaccine arriving in the city. just visit: https://qceservices.quezoncity.gov.ph/qcvaxeasy

watch for other announcements here on our facebook page or visit https://qcprotektodo.ph for other details of our vaccination program."
62,"with the threat of the delta variant, the quezon city government reiterates its strict no-walk-in policy in all vaccination sites to minimize crowding and further mitigate the transmission of the covid-19 virus.

reports of increased numbers of walk-ins in vaccination sites is a cause of alarm for the qc health department and the qc task force vax to normal.

quezoncity.gov.ph
qc insists on no-walk-in policy to control overcrowding and virus spread | quezon city government"
63,"up to 1,450,785 doses of the vaccine have been injected by our #qcprotektodo vaccination program with the help of our healthcare workers, staff and volunteers!

in total, 895,450 or 52.67% of the 1.7 million target population have been vaccinated with the first dose in our city despite the limited supply of the vaccine. this is a big deal especially now with the delta variant.

up to 555,335 or 33.40% have already received their second dose.

qcitizens are encouraged to register with qc vax easy to receive a vaccination schedule. those given the schedule are in accordance with the first in, first out system or priority to vaccinate those who have previously registered, still depending on the supply of vaccine arriving in the city. just visit: https://qceservices.quezoncity.gov.ph/qcvaxeasy

watch for other announcements here on our facebook page or visit https://qcprotektodo.ph for other details of our vaccination program."
64,"eduk-aksyon: mayor's education summit (day 2: friday | july 30, 2021 | 2:00pm)"
65,"while community quarantine exists in the city, our council does not stop helping our qcitizens.

councilor mikey belmonte and mbm volunteers personally visited leyte st. brgy. payatas, vine hoa litex rd. brgy. commonwealth, ngc center sigla health center and land promise health center to distribute rice aid, delicious spaghetti and medicines for children.

led by coun. eric medina, naturn-over the school marker ‚Äúiüíöbes‚Äù, automatic alcohol dispenser and temperature scanner at bonifacio elementary school, with the help of brgy. balonbato kap. irene gonzales creator, council and principal mrs. nymph pi√±era.

councilor jun ferrer and kagawad charm ferrer distributed food packs to members of toda sa bago bantay, frontliners dpos and to residents in special concern areas in barangay salvacion including kgd. cecille brillo, kgd. sarah bernardino and sk chairman jhon adrian ramos and kap. danny soriano and council.

coun shared. tj calalay of food packs to the residents of brgy. manresa, brgy. san isidro labrador, brgy. bahay toro, brgy. project 6 at brgy. vasra in the special concern lockdown area (scla) with the help of kap. bong tambis, cap. lito sahagun, admin jobert hidalgo, and kgd. chiqui alcala, chap. dennis caboboy, kgd. ofel meimban, kgd cecil agcaoili, g. alvin ostare, kgd ding antenor, bpso and bhert, while essential hygiene kits and food packs are for pwds of brgy. alicia at brgy. house bull with the help of their pwd organization and president christian lintag, kap. rico corro, chap. honie llamas, chap. bobby fortunato, kgd. gusting pataueg at sec. baby."
66,"the quezon city government has admitted 82 police officers from station 3 in talipapa, novaliches that tested positive for covid-19 to the city‚Äôs hope facilities.

the police officers were tested on friday, july 23, as part of the city government‚Äôs program to conduct free routine testing of its frontliners who are often exposed and at high risk of acquiring the virus.

quezoncity.gov.ph
qc govt places 82 cops in its hope facility | quezon city government"
67,"councilor irene belmonte led the first 1000 days fighting malnutrition, with the help of the social service development department and mayor joy belmonte, through pantry distribution to parents of day care centers in barangay central while she and coun shared. vincent belmonte of food packs and hygiene kits in the scl areas of the barangays, in collaboration with captain rodel lobo and tatalon council and captain eddie nieto and barangay santol council.

coun also walked around. ram medalla to distribute food packs to 200 flood -affected families in florentina st, kawayan., sta. isabel st., at san martin st., brgy. gulod, with kap. rey aldrin tolentino, kgd. allan gonzales, kgd. cheche acle, at kgd. val castelltort.

coun went around. wency lagumbay, along with councilors from brgy. bagumbayan, to distribute covid-19 kits to residents living next to the marikina river and food in pajo st., barangay quirino 2a, with us are councilor ben busi and councilor marian garlit.

thanks to our local government for their help and service to our qcitizens!"
68,"our local government's priority is to help keep construction workers and employees of city establishments safe and #qcprotektodo.

in our partnership with construction companies such as megawide corporation and philippine constructors association inc., we have been able to vaccinate workers belonging to the a4 priority group.

the city had previously opened business registration for covid-19 vaccination for businesses or establishments with at least 100 employees, its own medical team, and vaccination site.

for qc business owners who want to register, just visit: https://qcprotektodo.ph/business-registration-form/"
69,"as part of its target to vaccinate 1.7 million individuals, the quezon city government specifically allotted its first johnson and johnson‚Äôs janssen vaccine supply to the senior citizens of district 2 in a one-day rollout in the district.

out of the six districts, district 2 is the most densely populated, composed of five barangays with a population of 738,000, according to the latest data of the philippine statistics authority.

quezoncity.gov.ph
qc gov administers limited j&j vaccines to district 2 senior citizens | quezon city government"
70,"many thanks to the 124th philippine air force army reserve unit led by lt. col. jun llave, with the tzu chi medical foundation who served as volunteers in our #qcprotektodo vaccination program at the araneta coliseum mega vaccination site.

the air force officers also promised that they would return to help with our vaccination program.

it's a big thing to properly and quickly vaccinate our qcitizens in the city."
71,"up to 1,376,375 doses of the vaccine have been injected by our #qcprotektodo vaccination program with the help of our healthcare workers, staff and volunteers!

in total, 863,755 or 50.81% of the 1.7 million target population have been vaccinated with the first dose in our city despite the limited supply of the vaccine. this is a big deal especially now with the delta variant.

up to 512,620 or 30.50% have already received their second dose.

qcitizens are encouraged to register with qc vax easy to receive a vaccination schedule. those given the schedule are in accordance with the first in, first out system or priority to vaccinate those who have previously registered, still depending on the supply of vaccine arriving in the city. just visit: https://qceservices.quezoncity.gov.ph/qcvaxeasy

watch for other announcements here on our facebook page or visit https://qcprotektodo.ph for other details of our vaccination program."
72,"our local government continues to serve to help our frontliners and qcitizens in need despite the ongoing pandemic.

free champorado breakfast was offered by councilor jun ferrer and councilor charm ferrer to the frontliners assigned to toro hills elementary school, members of tupad and to the barangay katipunan led by captain julious secillano, kgd. ethao legua, kgd. ambet baral, sk chairman gary salas curameng and council.

coun went. mikey belmonte and the mbm volunteers in brgy. commonwealth, batasan hills kalayaan c nagsakan hoa, at brgy. holy spirit to distribute rice, soup and medicines from mercury drugstore for residents.

coun shared. wency lagumbay of food packs for the residents of barangay matandang balara with barangay councilors marlyn diche, bhong pamplona and benjie reyes."
73,"mayor joy belmonte visited some of the city's evacuation centers, such as those in barangay bagong silangan, fairview, gulod, pasong tamo, apolonio samson, roxas, tatalon, and do√±a imelda to deliver relief goods and find out the condition of the affected residents caused by typhoon #fabianph. he also provided wheelchairs to some evacuees who had difficulty walking.

also ensured that evacuees were properly accommodated and that minimum health protocols were still followed.

in addition to food packs, water, canned goods, and medicine, hot meals were also distributed for those temporarily staying here."
74,"our local government‚Äôs program for our qcitizens is in disarray despite the heavy rains.

councilor mikey belmonte, team mb and mbm volunteers in brgy. commonwealth, brgy. holy spirit at brgy. legislature hills to distribute rice packs and delicious spaghetti and soup for our district mates.

grocery packs were distributed by coun. candy medina with evacuees at new east highschool.

coun shared. tj calalay of food packs to more than 80 families affected by the recent floods in brgy. sta. cruz, women's relationship partner and pres.gloria tabocolde, g. nick diaz, kgd liza soriano, kgd marie barte at brgy. staff."
75,"15 areas in our city are under special concern lockdown areas due to the increasing number of covid-19 cases.

only specific areas are covered by the scla and not the entire barangay.

the local government will distribute food packs and essential kits for the affected families and they will undergo swab testing and mandatory 14-day quarantine."
76,"25 areas in our city are under special concern lockdown areas due to the increasing number of covid-19 cases.

only specific areas are covered by the scla and not the entire barangay.

the local government will distribute food packs and essential kits for the affected families and they will undergo swab testing and mandatory 14-day quarantine."
77,"no storm or pandemic can stop the duty of our local government to serve our qcitizens.

councilor lala sotto visited other barangays to distribute hygiene kits for the safety and protection of residents.

councilor mikey belmonte went to various evacuation sites in brgy. new east to provide relief goods to more than 2,000 families evacuated due to the southwest from clemencia, kalinga grants, greenland, tumana, red rock island, bonded, sunrise, calamiong, jubilee phase 1 and phase 2, diamondville, new horizon, bona, pocolari, success, humanity, trace, usna, and area 6 veterans.

Councilor Jun Ferrer stressed in his speech the importance of healthworkers, frontliners and volunteers in this time of pandemic who can be considered heroes and also praised the good management of Mayor Joy Belmonte in the city's vaccination sites."
78,"up to 1,309,992 doses of the vaccine have been injected by our #qcprotektodo vaccination program with the help of our healthcare workers, staff and volunteers!

in total, 825,998 or 48.59% of the 1.7 million target population have been vaccinated with the first dose in our city despite the limited supply of the vaccine. this is a big deal especially now with the delta variant.

up to 483,994 or 28.47% have already received their second dose.

qcitizens are encouraged to register with qc vax easy to receive a vaccination schedule. those given the schedule are in accordance with the first in, first out system or priority to vaccinate those who have previously registered, still depending on the supply of vaccine arriving in the city. just visit: https://qceservices.quezoncity.gov.ph/qcvaxeasy

watch for other announcements here on our facebook page or visit https://qcprotektodo.ph for other details of our vaccination program."
79,"our local government is still providing assistance for our qcitizens.

coun went round. marra suntay to distribute grocery packs for those in home quarantine in brgy. up campus at botocan.

councilor irene belmonte and councilor vincent belmonte redistributed food packs and hygiene kits to families whose trees fell on blk.4 pook arboretum barangay up campus in collaboration with kap. zeny reading, kgd. danny arceo, kgd. caloy francisco at place coordinator in lecerna.

coun has an offer of help packs. kate coseteng in the flooded area of ‚Äã‚Äãevangelista st. brgy success and grocery packs in brgy. abundant by kap. perla daniega."
80,"happening now: in commemoration of the 77th death anniversary of pres. manuel l. quezon, the quezon city government and the national historical commission of the philippines host a holy mass presided by fr. junel pedroso of sto. domingo church."
81,"the quezon city government has started vaccinating the employees of its many bpo companies.

about 5,500 workers from the information technology and business process management (it-bpm) industry will receive their first vaccine jabs, further expanding the #qcprotektodo program.

quezoncity.gov.ph
qc inoculates 5,500 bpo workers | quezon city government"
82,"24 areas in our city are under special concern lockdown areas due to the increasing number of covid-19 cases.

only specific areas are covered by the scla and not the entire barangay.

the local government will distribute food packs and essential kits for the affected families and they will undergo swab testing and mandatory 14-day quarantine."
83,"Our #qcprotektodo vaccination program has injected up to 1,612,773 doses of the vaccine with the help of our healthcare workers, staff and volunteers!

in total, 1,015,256 or 59.72% of the 1.7 million target population have been vaccinated with the first dose in our city despite the limited supply of the vaccine. this is a big deal especially now with the delta variant.

up to 597,517 or 37.17% have already received their second dose.

qcitizens are encouraged to register with qc vax easy to receive a vaccination schedule. those given the schedule are in accordance with the first in, first out system or priority to vaccinate those who have previously registered, still depending on the supply of vaccine arriving in the city. just visit: https://qceservices.quezoncity.gov.ph/qcvaxeasy

watch for other announcements here on our facebook page or visit https://qcprotektodo.ph for other details of our vaccination program."
84,"up to 1,279,196 doses of the vaccine have been injected by our #qcprotektodo vaccination program with the help of our healthcare workers, staff and volunteers!

in total, 795,889 or 46.82% of the 1.7 million target population have been vaccinated with the first dose in our city despite the limited supply of the vaccine. this is a big deal especially now with the delta variant.

up to 483,307 or 28.43% have already received their second dose.

qcitizens are encouraged to register with qc vax easy to receive a vaccination schedule. those given the schedule are in accordance with the first in, first out system or priority to vaccinate those who have previously registered, still depending on the supply of vaccine arriving in the city. just visit: https://qceservices.quezoncity.gov.ph/qcvaxeasy

watch for other announcements here on our facebook page or visit https://qcprotektodo.ph for other details of our vaccination program."
85,"as of 11am today, up to 1,311,944 doses of vaccine have been injected by our #qcprotektodo vaccination program with the help of our healthcare workers, staff and volunteers!

in total, 827,949 or 48.70% of the 1.7 million target population have been vaccinated with the first dose in our city despite the limited supply of the vaccine. this is a big deal especially now with the delta variant.

up to 483,995 or 28.47% have already received their second dose.

qcitizens are encouraged to register with qc vax easy to receive a vaccination schedule. those given the schedule are in accordance with the first in, first out system or priority to vaccinate those who have previously registered, still depending on the supply of vaccine arriving in the city. just visit: https://qceservices.quezoncity.gov.ph/qcvaxeasy

watch for other announcements here on our facebook page or visit https://qcprotektodo.ph for other details of our vaccination program."
86,"up to 1,343,586 doses of the vaccine have been injected by our #qcprotektodo vaccination program with the help of our healthcare workers, staff and volunteers!

in total, 847,419 or 49.85% of the 1.7 million target population have been vaccinated with the first dose in our city despite the limited supply of the vaccine. this is a big deal especially now with the delta variant.

up to 496,167 or 29.19% have already received their second dose.

qcitizens are encouraged to register with qc vax easy to receive a vaccination schedule. those given the schedule are in accordance with the first in, first out system or priority to vaccinate those who have previously registered, still depending on the supply of vaccine arriving in the city. just visit: https://qceservices.quezoncity.gov.ph/qcvaxeasy

watch for other announcements here on our facebook page or visit https://qcprotektodo.ph for other details of our vaccination program."
87,"17 areas in our city are under special concern lockdown areas due to the increasing number of covid-19 cases.

only specific areas are covered by the scla and not the entire barangay.

the local government will distribute food packs and essential kits for the affected families and they will undergo swab testing and mandatory 14-day quarantine."
88,"20 areas in our city are under special concern lockdown areas due to the increasing number of covid-19 cases.

only specific areas are covered by the scla and not the entire barangay.

the local government will distribute food packs and essential kits for the affected families and they will undergo swab testing and mandatory 14-day quarantine."
89,"the quezon city public library is temporarily closed for all our qcitizens in compliance with the general community quarantine enforced in the city. all qcpl online appointments were also canceled first.

thank you for your understanding.

quezon city public library
July 30 at 2:15 pm ¬∑ facebook for android ¬∑"
90,"the quezon city health department and bureau of jail management and penology quezon city conducted vaccinations for women persons deprived of liberty (pdls) in the qc female dormitory of camp karingal.

up to 595 women are #qcprotektodo against the threat of covid-19 and delta variants.

it is part of the local government's no woman left behind program that aims to help the well -being, care and education of women in prison."
91,"to further promote the development of urban agriculture in both pyeongchang county, republic of korea, and quezon city including its component barangay batasan hills, a memorandum of understanding (mou) was signed with the representatives of pyeongchang county, fhilcon international inc., and mayor joy belmonte together with brgy. batasan hills captain john abad.

through the initiative of fhilcon international inc., both parties have agreed on various exchange and cooperation projects to improve agricultural competitiveness and increase residents' income based on the principles of mutual trust and equality.

the local government looks forward to this partnership with pyeongchang county as it advances the welfare of residents in both cities."
92,"watch: dr. tom frieden, president and ceo of resolve to save lives, hailed the quezon city local government and congratulated mayor joy belmonte for creating and implementing executive order no. 16 s-2021 or the ‚Äúquezon city healthy public food procurement policy.""

quezon city is the first local government in the philippines to enact a healthy food procurement policy."
93,"24 areas in our city are under special concern lockdown areas due to the increasing number of covid-19 cases.

only specific areas are covered by the scla and not the entire barangay.

the local government will distribute food packs and essential kits for the affected families and they will undergo swab testing and mandatory 14-day quarantine."
94,"coun shared. kate coseteng of aid to the victims of f. castillo, brgy. life while hot soup for the residents of east kamias.

councilor irene belmonte's offering to the typhoon victims at the evacuation sites and the residents near the creek in the barangays of tatalon, roxas and pinagkaisahan was nutritious and hot porridge.

councilors roger juan and doc ellie juan have also launched porridge on wheels for evacuees affected by the floods in kaingin bukid and even in the households of barangay apolonio samson.

thanks to our local government for their concern for our qcitizens."
95,"the month of former president and founder of quezon city manuel luis quezon is celebrated every august.

in commemoration of his greatness and contribution to the city and the country, a mural contest was held for 142 qc barangays. for more details, visit the qc tourism & promotions facebook page."
96,"as part of efforts to contain the spread of covid-19 in workplaces and ensure the safety of frontline workers, the quezon city government has launched a free and expanded testing program for agencies, offices, and businesses in the city.

‚Äúwe want to make sure that our frontliners and essential workers are safe in their respective places of work. we have to be proactive to contain any upsurge of cases, and one way to do that is to offer them free swab testing on a regular basis regardless of whether they are exhibiting symptoms or not,‚Äù said mayor joy belmonte.

quezoncity.gov.ph
qc offers free routine testing to safeguard frontline and essential workers, citizenry | quezon city government"
97,"the riverways cleaning operations group (rcog) cleaned the blocked leaves, branches and trees, from fallen trees caused by the incessant rain, in diliman creek of k6th, barangay kamuning.

the rcog also continues to be cleaned in various places, whether it is raining or shining, to ensure cleanliness and order in the city.

qc task force on solid waste management added 26 new photos to the album: riverways cleaning operations group (rcog).
July 31 at 12:51 pm ¬∑

due to strong winds and softening of the soil caused by incessant rains, some trees fell and blocked the waterway in diliman creek of k6th barangay kamuning üåßÔ∏èüò±

our riverways cleaning operations group or rcog responds to clean and collect blocked branches, leaves, and cuttings üß°üíô

we also keep cleaning our rcog in different parts of qc for the order and cleanliness of our city üëç

#roadtosanitationexcellence
#sanitationqc"
98,"the quezon city government has administered vaccines to more than 1 million residents and workers who are part of the a1-a5 priority groups.

as of august 5, the qcprotektodo vaccination program has administered 1,612,773 vaccines in quezon city. out of this total, 1,015,256 or 59.72% of its target of 1.7million individuals have received their first dose, including those who have received their single-dose janssen vaccines. meanwhile, 597, 517 (37.17%) individuals have received their second dose.

quezoncity.gov.ph
qcgov has inoculated more than 1 million individuals | quezon city government"
99,"here is the current state of our hospitals and hope community caring facilities.

if you need a facility for covid-19 mild or asymptomatic patients, contact your barangay to be admitted to our hope facilities."
100,"quezon city mayor joy belmonte asked qcpd police district chief antonio yarra to submit a written explanation to shed light on allegations made by rally organizers that the agreement forged among these protesters with the qclgu through mayor joy belmonte and qcpd district director antonio yarra was not honored by the latter.

quezoncity.gov.ph
qcpd chief asked to explain actions | quezon city government"
101,"in the fourth and final series of our webinar qc kabahagi center for children with disabilities once again invites you to join and learn new knowledge for the celebration of national disability prevention and rehabilitation week.

listen from suselyn pascual, mrs-sp, csp-pasp to learn speech and language simulation guides for children with disabilities.

kita-kits on coming july 30, 2021, 10 am-12nn on zoom or on facebook live of qc kabahagi center for children with disabilities

join zoom meeting
https://zoom.us/j/91407605773?pwd=ckjqbknhtgxhwenmdnbfcs9ruvzsdz09
meeting id: 914 0760 5773
passcode: ndpr2021"
102,"26 areas in our city are under special concern lockdown areas due to the increasing number of covid-19 cases.

only specific areas are covered by the scla and not the entire barangay.

the local government will distribute food packs and essential kits for the affected families and they will undergo swab testing and mandatory 14-day quarantine."
103,"nutritious and cheap vegetables and fruits for sale!

here is the latest schedule of kadiwa's harvest and income in the following areas this week.

growqc
august 2 at 2:21 pm ¬∑

see the schedule of kadiwa ni ani at kita this week in quezon city, august 3 - 5, 2021.

buy vegetables before ecq! can be bought fresh and at a cheap price!
#growqc #kasamakasapagunlad #kadiwanianiatkita"
104,"relief goods rice, water, canned goods, etc. have been distributed for individuals and families currently in evacuation centers in barangays such as damayan, masambong, sta. cruz, delmonte, and old balara affected by typhoon #fabianph.

under the leadership of area coordinators from the office of mayor joy belmonte, the local government ensures that those in need are immediately met during such disasters."
105,"95.9% or 104,591 have recovered from #covid19ph in quezon city. according to the qc epidemiology and disease surveillance unit (cesu), 3,222 were confirmed active cases out of the 109,040 total number of positives in the city.

the data from doh goes through validation by cesu, health center staff and barangay officials to ensure that they are residents of qc. the number of cases in the city may change due to community-based testing.

meanwhile, previous covid-19 case updates can still be found on our website: https://quezoncity.gov.ph/covid-19-watch/"
106,"later! watch out for the first-ever *eduk action *: mayor‚Äôs education summit on our facebook page and identify those who participated in our search for the most outstanding education programs from our public schools.

In addition to watching, join our online trivia and question of the day for a chance to win our prizes.

see you later! here are the details:

July 29, 2021: https://www.facebook.com/qcgov/posts/621173119270449

July 30, 2021: https://www.facebook.com/qcgov/posts/621798715874556"
107,"96.1% or 104,316 have recovered from #covid19ph in quezon city. according to the qc epidemiology and disease surveillance unit (cesu), 3,072 were confirmed active cases out of 108,614 total number of positives in the city.

the data from doh goes through validation by cesu, health center staff and barangay officials to ensure that they are residents of qc. the number of cases in the city may change due to community-based testing.

meanwhile, previous covid-19 case updates can still be found on our website: https://quezoncity.gov.ph/covid-19-watch/"
108,"led by mayor joy belmonte with department of agriculture ncr assistant director dennis arpia, alliance global group ceo kevin tan, and brgy. ugong norte capt. yassi wells-jorge the inauguration of the open market at the gardens, a community fair at the clubhouse on temple drive.

the community market will feature vegetables, fruits and artisanal products from farmers who are part of this project.

can visit the community market every weekend starting July 29, from 6 am to 6 pm.

#supportlocal"
109,"jail time and fines await people behind the fraudulent sale, distribution or administration of covid-19 vaccines or vaccine slots, the falsification of covid-19 vaccination cards and other illegal acts in relation to covid-19 vaccinations in quezon city.

this after mayor joy belmonte received reports that some individuals are showing up at vaccination sites with fake notification texts from the city government.

quezoncity.gov.ph
qc imposes jail time, fines for illegal acts in relation to covid-19 jabs | quezon city government"
110,"according to octa research, there is a slight increase in the number of new cases of #covid19ph in our city. this is based on july 26 data from the department of health (doh) and city epidemiology and disease surveillance unit (cesu).

the reproduction number or r0 of quezon city is 1.18. slightly increased from the previous week.

this number indicates how severe the infection from the virus is. an r0 less than 1 means that every confirmed case of covid-19 has a small chance of infecting, or causing a new infection.

quezon city's testing capacity reached about 3,500 last week.

the city‚Äôs positivity rate rose again to 8%. this is higher than the world health organization standard of 5%. it shows the number of positives from the testing conducted."
111,"see: launched by barangay talipapa led by kap. eric juan the urban farming community pantry where residents will have healthy vegetables and fish from the barangay's community farms and aquaponics in exchange for recyclable materials such as bottles, newspapers and old clothes. in addition, they can also receive liquid fertilizer and potting mix that can be used in building their own urban farm.

according to kap. eric juan, the barangay wants to help the residents learn how to plant during the pandemic so that they can be given employment and have an adequate food supply."
112,"97% or 103,570 have recovered from #covid19ph in quezon city. according to the qc epidemiology and disease surveillance unit (cesu), 2,027 were confirmed active cases out of 106,814 total number of positives in the city.

the data from doh goes through validation by cesu, health center staff and barangay officials to ensure that they are residents of qc. the number of cases in the city may change due to community-based testing.

meanwhile, previous covid-19 case updates can still be found on our website: https://quezoncity.gov.ph/covid-19-watch/"
113,"despite the rain, vaccination against rabies for the fur babies of our qcitizens will continue.

here is the latest schedule of our anti-rabies vaccination and spay and neuter program of the city veterinary department.

note: the city's health protocol will still be strictly enforced. bring a face mask and faceshield and adhere to social distancing.

quezon city veterinary department
July 25 at 6:29 pm ¬∑

for free anti rabies please click this link: https://www.facebook.com/qcvdgovph/photos/a.113355540618300/113354253951762/?type=3
inquire in your barangay for the exact time and place.

July 26, 2021
Apolonio samson - canceled
Baesa (daropa) - canceled

July 27,2021
‚ùådon jose heights (holy spirit) - canceled

July 29, 2021
Holy spirit
‚ùåsauyo
‚ùåsign up
‚ùåeast kamias - canceled

July 30, 2021
‚ùåteachers village east - canceled
‚ùåunited village - canceled
‚ùåparaiso - canceled
‚ùåsauyo (a village) -cancelled
‚ùåsauyo (greenview village)- canceled

for free exile please click this link: https://www.facebook.com/qcvdgovph/photos/a.113355540618300/113354233951764/?

Please also read the guidelines to follow if you have been bitten by an animal that may have rabies.
https://www.facebook.com/110100100943844/posts/178768880743632/

for our other services please click this link: https://www.facebook.com/110100100943844/posts/113355590618295/

answers to your frequently asked questions about free anti rabies and captivity of your pets. please click this link:
https://www.facebook.com/110100100943844/posts/239624907991362/

bring yourself a ballpen, wear a face mask and face shields, and follow social distancing.
the deportation schedule will be announced in your barangay, inquire and pre -register in your barangay.

be updated always on changes or announcements in the weekly schedule here on our fb page or fb story."
114,"hope caring facilities of the city, has reached 11!

such hope facilities are those who care for those asymptomatic or with mild symptoms who are positive for covid-19.

you can contact your barangay to monitor and help those who test positive for covid-19 to be transferred to our hope caring facility to be given appropriate medical attention.

you can also message the quezon city epidemiology & disease surveillance facebook page.

#qcesuhelps
#hopecaringfacility

quezon city epidemiology & disease surveillance is sharing a covid-19 update.
July 27 at 6:00 pm ¬∑

our city currently has 11 hope caring facilities that care for those who test positive for covid-19, whether asymptomatic or with mild symptoms.

- Each hope facility has its own clinic, pharmacy and supply room.

-patients and healthcare workers also have their own vitamins and hygiene kits that they can use in their quarantine and on duty at the facility.

- it also has room for families to test positive for the virus.

- also plan to have a dedicated room for qcitizen members of the lgbtqia+ community.

if you test positive for covid-19, immediately contact your village to monitor and help you be transferred to our hope caring facility that will provide you with appropriate medical attention.

have a question? message on our facebook page!

#qcesuhelps
#hopecaringfacility"
115,"calling all fur mommies and daddies! the city's anti-rabies vaccination program will continue at qc city hall from monday to friday. still strictly enforce health protocols, wear a face mask, face shield and ballpen and adhere to social distancing.

meanwhile, the free vaccination against rabies and the extermination of dogs and cats in each barangay will be postponed due to the existing community quarantine in the city. for more details, please contact the quezon city veterinary department facebook page.

quezon city veterinary department
July 13 at 2:18 pm ¬∑

qcitizens here are the answers to your most frequently asked questions regarding our free anti rabies vaccinations and captivity service for your pet dogs and cats.

for free anti rabies please click this link: https://www.facebook.com/qcvdgovph/photos/a.113355540618300/113354253951762/?type=3

for free exile please click this link: https://www.facebook.com/qcvdgovph/photos/a.113355540618300/113354233951764/?

Please also read the guidelines to follow if you have been bitten by an animal that may have rabies.
https://www.facebook.com/110100100943844/posts/178768880743632/

for our other services please click this link: https://www.facebook.com/110100100943844/posts/113355590618295/"
116,"96.6% or 103,958 have recovered from #covid19ph in quezon city. according to the qc epidemiology and disease surveillance unit (cesu), 2,502 were confirmed active cases out of the 107,682 total number of positives in the city.

the data from doh goes through validation by cesu, health center staff and barangay officials to ensure that they are residents of qc. the number of cases in the city may change due to community-based testing.

meanwhile, previous covid-19 case updates can still be found on our website: https://quezoncity.gov.ph/covid-19-watch/"
117,"96.5% or 104,122 have recovered from #covid19ph in quezon city. according to the qc epidemiology and disease surveillance unit (cesu), 2,608 were confirmed active cases out of the 107,952 total number of positives in the city.

the data from doh goes through validation by cesu, health center staff and barangay officials to ensure that they are residents of qc. the number of cases in the city may change due to community-based testing.

meanwhile, previous covid-19 case updates can still be found on our website: https://quezoncity.gov.ph/covid-19-watch/"
118,"catch mayor joy belmonte at the thriveph: high-level discussions on policies and strategies to leave no one behind in covid-19 recovery, tomorrow august 3, 2021 from 10:00 am- 12:00 nn.

listen as she discusses the city‚Äôs policies and strategies on food systems, and micro, small and medium enterprises (msmes).

watch it at the united nations philippines facebook page or register now through the following link:
https://bit.ly/thrivephsession1

united nations philippines
july 30 at 10:00 am ¬∑

only a few days to go before thriveph: high-level discussions on policies and strategies to leave no one behind in covid-19 recovery! #thriveph is happening on august 3, 4 and 5, 2021 from 10:00 am - 12:00 nn.

this discussion series showcases key findings for evidence-based policy recommendations and strategies in relation to food systems, micro, small and medium enterprises (msmes), and the country‚Äôs industrial base.

don't forget to tune in here at the un philippines facebook page to catch the following sessions below or register now through the following links! üëáüëáüëá

session 1 (august 3, tues, 10:00am): https://bit.ly/thrivephsession1
session 2 (august 4, wed, 10:00am): https://bit.ly/thrivephsession2
session 3 (august 5, thurs, 10:00am): https://bit.ly/thrivephsession3"
119,"whether it rains or shines, the
our special waste collection team to collect special waste from community-based testing centers, covid facilities, cesu offices, and special concern lockdown areas in the city to ensure cross-contamination is avoided.

for all solid waste management concerns, please email tfsolidwaste@quezoncity.gov.ph or report to qc task force on solid waste management.

qc task force on solid waste management added 63 new photos to the album: special waste collection-sharing a covid-19 update.
July 26 at 9:26 am ¬∑

avoiding cross contamination even during the rainy seasonüåßÔ∏è, we can see the colorful ppe of our special waste collection team circling community-based testing centers, covid facilities, cesu offices, and areas under special concern lockdown in our city. ‚Åá

stay safe and dry guys! ‚Åá

#sanitationqc
#roadtosanitationexcellence
#qclabancovid19
#beatcovid19"
120,"mmayor joy belmonte was one of the panelists at the #thriveph: high-level discussions on policies and strategies to leave no one behind in covid-19 recovery hosted by united nations philippines.

she discussed the city government‚Äôs self-reliant food system during the community quarantine. to date, there are 166 urban farms in quezon city. these farms have been the source of food and nutrition for underprivileged and malnourished families.

quezon city also established the healthy food procurement policy which ensures that food supplies procured by the local government for its programs and projects must comply with the city‚Äôs nutrition standards. this is a first in the country.

the event was also graced by food and agriculture organization (fao) ph head ms. kati tanninen, asian development bank country director mr. kelly bird, and rise against hunger ph chairperson paulyn ubial. veteran news anchor ms. karen davila and senior economist of the un in the philippines mr. john alikpala moderated the discussion.

watch it here: https://www.facebook.com/unphilippines/videos/572324880799210"
121,"97.2% or 103,174 have recovered from #covid19ph in quezon city. according to the qc epidemiology and disease surveillance unit (cesu), 1,749 were confirmed active cases out of 106,137 total number of positives in the city.

the data from doh goes through validation by cesu, health center staff and barangay officials to ensure that they are residents of qc. the number of cases in the city may change due to community-based testing.

meanwhile, previous covid-19 case updates can still be found on our website: https://quezoncity.gov.ph/covid-19-watch/"
122,"95.6% or 104,728 have recovered from #covid19ph in quezon city. according to the qc epidemiology and disease surveillance unit (cesu), 3,554 were confirmed active cases out of the 109,512 total number of positives in the city.

the data from doh goes through validation by cesu, health center staff and barangay officials to ensure that they are residents of qc. the number of cases in the city may change due to community-based testing.

meanwhile, previous covid-19 case updates can still be found on our website: https://quezoncity.gov.ph/covid-19-watch/"
123,"[weather advisory]

expect light to moderate with occasional heavy rainshowers in quezon city and nearby areas within the next 1-2 hours.

roads are slippery and prone to accident. flooding and landslide are possible in certain areas

all are advised to continue monitoring the latest weather updates issued by pagasa and quezon city drrmo.

for emergency, dial 122 or call qcdrrmo at 8927-5914; 8928-4396.

quezon city disaster risk reduction and management council
july 27 at 11:38 am ¬∑

quezon city localized thunderstorm advisory #1
date issued: 27-july-2021 (tuesday)
time issued: 11:30 am pst

expect light to moderate with occasional heavy rainshowers over quezon city and nearby areas within the next 1-2 hours.

impact assessment:
road are slippery and prone to accident.
flooding and landslide are still possible in certain areas

all are advised to continue monitoring for the latest weather updates issued by pagasa and quezon city drrmo.
for any emergency please contact us through our hotline numbers 8927-5914/8928-4396 or simply dial 122.
pwede niyo rin kaming sundan sa aming official twitter account @quezoncitydrrmo.

#thunderstorm
#staysafeqc
#stayhome
#weatherqc
duty weather forecaster:
jbb
weather observer:
neh"
124,"97% or 103,391 have recovered from #covid19ph in quezon city. according to the qc epidemiology and disease surveillance unit (cesu), 1,948 were confirmed active cases out of 106,555 total number of positives in the city.

the data from doh goes through validation by cesu, health center staff and barangay officials to ensure that they are residents of qc. the number of cases in the city may change due to community-based testing.

meanwhile, previous covid-19 case updates can still be found on our website: https://quezoncity.gov.ph/covid-19-watch/"
125,"27 areas in our city are under special concern lockdown areas due to the increasing number of covid-19 cases.

only specific areas are covered by the scla and not the entire barangay.

the local government will distribute food packs and essential kits for the affected families and they will undergo swab testing and mandatory 14-day quarantine."
126,"95.3% or 104,847 have recovered from #covid19ph in quezon city. according to the qc epidemiology and disease surveillance unit (cesu), 3,901 were confirmed active cases out of 109,985 total number of positives in the city.

the data from doh goes through validation by cesu, health center staff and barangay officials to ensure that they are residents of qc. the number of cases in the city may change due to community-based testing.

meanwhile, previous covid-19 case updates can still be found on our website: https://quezoncity.gov.ph/covid-19-watch/"
127,"96.7% or 103,681 have recovered from #covid19ph in quezon city. according to the qc epidemiology and disease surveillance unit (cesu), 2,363 were confirmed active cases out of the 107,264 total number of positives in the city.

the data from doh goes through validation by cesu, health center staff and barangay officials to ensure that they are residents of qc. the number of cases in the city may change due to community-based testing.

meanwhile, previous covid-19 case updates can still be found on our website: https://quezoncity.gov.ph/covid-19-watch/"
128,"the quezon city government through the department of building official reminds everyone of the guidelines on construction activities during the implementation of the enhanced community quarantine (ecq) in ncr.

all essential public and private construction projects shall be allowed at full operational capacity, subject to strict compliance with minimum health protocols, and in accordance with the guidelines issued by the department of public works and highways (dpwh).

please be guided accordingly.

for inquiries and clarifications, kindly contact office of the buildingofficial - quezon city‚Äôs facebook page, send an email to dbo@quezoncity.gov.ph, or call 8988 4242 local 8905 / 8916."
129,"here is the current state of our hospitals and hope community caring facilities.

if you need a facility for covid-19 mild or asymptomatic patients, contact your barangay and our qc epidemiology and disease surveillance unit (cesu) to be admitted to our hope facilities."
130,"following a thorough investigation, the quezon city government has established that the 51 covid-positive police officers from police station 3 (talipapa) who were deployed during the state of the nation address were not in close contact with other individuals.

qcpd and police station 3 commander lt. col. cristine tabdi said the police officers were assigned as route security and did not directly engage with the public including rallyists.

quezoncity.gov.ph
51 qc cops who tested positive for covid had no contact with public during sona | quezon city government"
131,"fueled by its advocacy to promote the health, nutrition and safety of its residents, employees and beneficiaries, quezon city became the first local government unit (lgu) in the country to establish a healthy food procurement policy.

mayor joy belmonte issued executive order no. 16 s-2021 entitled ‚Äúquezon city healthy public food procurement policy‚Äù, which aims to positively affect the overall health and nutrition of its constituents.

quezoncity.gov.ph
qc first lgu to implement healthy food procurement policy | quezon city government"
132,"live now! | 75th regular session of the 21st city council with vice mayor gian sotto as the presiding officer
Aug. 2, 2021

confirmation of resolutions such as authorizing the city mayor, hon. josefina g. belmonte, to execute and sign the articles of cooperation and by-laws, for and on behalf of the quezon city government, for the establishment of the quezon city credit surety fund cooperative, thereby allowing the city mayor to transfer the initial contribution of the city , in the amount of five million pesos, to the newly created quezon city credit surety fund cooperative, among others, will be discussed today.

vice mayor gian sotto was live.
august 2 at 2:31 pm ¬∑

live now | seventy-fifth of the general meeting of the twenty-first of the city council with vice mayor gian sotto as chairman of the meeting.

second of August 2021 | two o'clock in the afternoon"
133,"the free anti-rabies vaccination of the city veterinary department and our council continues this week.

led by coun. eric medina the vaccination against rabies in brgy. pasong tamo katuwang ang punong barangay at konseho.

more than 200 dogs and cats were vaccinated in our anti-rabies vaccination drive led by coun. tj calalay, in brgy. ns amoranto at brgy paang bundok katuwang si kap ato de guzman at council, at kap. tikyo tiglao and council."
134,"[weather advisory]

expect light to moderate with occasional heavy rainshowers in quezon city and nearby areas within the next 3-4 hours.

roads are slippery and prone to accident. flooding and landslide are possible in certain areas.

all are advised to continue monitoring the latest weather updates issued by pagasa and quezon city drrmo.

for emergency, dial 122 or call qcdrrmo at 8927-5914; 8928-4396.

quezon city disaster risk reduction and management council
july 26 at 3:31 pm ¬∑

quezon city localized thunderstorm advisory #1
date issued: 26-july-2021 (monday)
time issued: 3:30 pm pst

expect light to moderate with occasional heavy rainshowers over quezon city and nearby areas within the next 3-4 hours.

impact assessment:
road are slippery and prone to accident.
flooding and landslide are still possible in certain areas

all are advised to continue monitoring for the latest weather updates issued by pagasa and quezon city drrmo.
for any emergency please contact us through our hotline numbers 8927-5914/8928-4396 or simply dial 122.
pwede niyo rin kaming sundan sa aming official twitter account @quezoncitydrrmo.

#thunderstorm
#staysafeqc
#stayhome
#weatherqc

duty weather forecaster:
jbb
weather observer:
jmj"
135,"to conclude this year‚Äôs celebration of nutrition month, the city government headed by mayor joy belmonte led the official turnover of the executive order no. 16 s-2021 entitled ‚Äúquezon city healthy public food procurement policy‚Äù during yesterday‚Äôs flag raising ceremony.

the eo aims to enable an environmental and sustainable local food system. it also encourages local sourcing of healthy food while promoting urban agriculture thus creating a positive effect to the overall health and nutrition of its constituents adhering to the qc nutrition standards.

the ceremony was joined by vice mayor gian sotto, city councilors pm vargas and jun ferrer, imagine law project manager atty. mary grace ann rosales sto. domingo, the city‚Äôs project partner, and the various departments, offices, and institutions who are instrumental on the implementation of the eo namely: office of the city administration, city health department, environment protection and waste management department, procurement department, sustainable development affairs unit, general services department, small business cooperatives development and promotions office, market development and administration department, barangay and community relations department, rosario maclang bautista general hospital, novaliches district hospital, quezon city general hospital, and social services and development department.

as the first local government unit to implement a healthy food procurement policy, the quezon city government will present said guidelines to the dilg as a model policy on promoting healthy food.

read more about it here: https://quezoncity.gov.ph/qc-first-lgu-to-implement-healthy-food-procurement-policy/"
136,"read: businessworld newspaper released a report on the top cities and provinces when it comes to recorded revenue based on taxes and other fees collected.

in the list, quezon city tops the list of cities. this was achieved by the city due to the solidarity of the business sector and citizens in fulfilling their duty to pay the right bills.

thanks to you!

bworldonline.com
which lgus generated the highest revenue? - businessworld"
137,"the first ""eduk-aksyon mayor's education summit"" will take place on july 29 and 30, 2021 (thursday and friday) which can be watched live here on qc government facebook!

recognize our innovative heroes who participated and helped to ensure the continued learning of our students this past school year 2020-2021!

just follow the qc eduk-action page for more announcements. #ibangklasesaqc

qc education-action
July 26 at 9:00 am ¬∑

watch out for eduk-action: mayor‚Äôs education summit this week which will recognize unique education practices launched by our students, teachers, parents, and schools for continuing education in the midst of pandemic.

The summit will also discuss innovative methods by various sectors inside and outside the country to ensure the continued delivery of quality education in the city‚Äôs public schools.

watch the live event at these links:

July 29, 2021: https://www.facebook.com/qcgov/posts/621173119270449

July 30, 2021: https://www.facebook.com/qcgov/posts/621798715874556"
138,"focus on qc kabahagi center for children with disabilities for the last and fourth series of our webinar series in celebration of national disability prevention and rehabilitation week.

learn from suselyn pascual, mrs-sp, csp-pasp to learn speech and language simulation guides for children with disabilities.

qc kabahagi center for children with disabilities was live.
July 30 at 9:53 am ¬∑

watch our last and fourth webinar series

#ndpr2021kkk"
139,"live now! | 74th regular session of the 21st city council with vice mayor gian sotto as the presiding officer.
july 27, 2021 | 2:00pm

confirmation of resolutions such as urging the businesses within the territorial jurisdiction of quezon city to provide additional paid time off for the covid-19 vaccination of their employees, among others, will be discussed today.

vice mayor gian sotto was live.
july 27 at 2:22 pm ¬∑

live now | 74th regular session of the 21st city council with vice mayor gian sotto as the presiding officer. july 27, 2021 | 2:00pm"
140,"watch: ""malnutrisyon patuloy na labanan, first 1000 days tutukan!"", the 1st online celebration for the nutrition month brought to us by the early childhood and care development of the qc social services and development department.

eccd qc was live.
july 29 at 9:30 am ¬∑"
